model,accuracy,precision,recall,f1
BERT,0.8195,0.8198198198198198,0.819,0.8194097048524263
ELECTRA-base,0.8445,0.8490374873353597,0.838,0.8434826371414192
